ID,Student_Account,Children's,Joint_Account,Business_Account,Young_Worker_Account,,Young_Adult_Account,Pensioneer Account
LP001002,Male,Male,Male,Male,Male,,Male,Male
LP001003,Male,Male,Male,Male,Male,,Male,Male
LP001005,Male,Female,Male,Male,Male,,Male,Male
LP001006,Male,Female,Female,Female,Male,,Male,Female
LP001008,Male,Female,Male,Male,Male,,Male,Male
LP001011,Male,Female,Male,Male,Male,,Male,Male
LP001013,Male,Female,Male,Male,Male,,Male,Male
LP001014,Male,Female,Female,Female,Male,,Male,Female
LP001018,Male,Female,Male,Male,Male,,Male,Male
LP001020,Male,Female,Male,Male,Male,,Male,Male
LP001024,Male,Female,Male,Male,Male,,Male,Male
LP001027,Male,Female,Male,Male,Male,,Male,Male
LP001028,Male,Female,Male,Male,Female,,Female,Female
LP001029,Male,Female,Male,Male,Male,,Male,Male
LP001030,Male,Female,Female,Male,Male,,Male,Male
LP001032,Male,Female,Female,Female,Male,,Male,Male
LP001034,Female,Female,Male,Male,Male,,Male,Female
LP001036,Male,Female,Male,Male,Female,,Female,Male
LP001038,Male,Female,Male,Male,Male,,Male,Male
LP001041,Male,Female,Male,Male,Male,,Male,Male
LP001043,Male,Female,Female,Male,Male,,Male,Male
LP001046,Male,Male,Female,Male,Male,,Male,Male
LP001047,Male,Male,Female,Male,Female,,Female,Male
LP001050,Male,Male,Male,Male,Male,,Male,Male
LP001052,Male,Male,Male,Male,Male,,Male,Male
LP001066,Male,Male,Male,Male,Male,,Male,Male
LP001068,Male,Male,Male,Male,Male,,Male,Male
LP001073,Male,Male,Male,Male,Male,,Male,Male
LP001086,Female,Male,Male,Male,Male,,Male,Male
LP001087,Male,Male,Male,Female,Female,,Female,Male
LP001091,Male,Male,Male,Male,Male,,Male,Male
LP001095,Male,Male,Female,Male,Male,,Male,Male
LP001097,Male,Male,Male,Female,Male,,Male,Male
LP001098,Male,Male,Male,Male,Male,,Male,Male
LP001100,Male,Male,Male,Male,Male,,Male,Male
LP001106,Male,Male,Female,Male,Male,,Male,Male
LP001109,Female,Male,Male,Female,Male,,Male,Male
LP001112,Male,Male,Male,Female,Male,,Male,Male
LP001114,Male,Female,Female,Female,Male,,Male,Male
LP001116,Male,Female,Male,Male,Male,,Male,Male
LP001119,Male,Female,Female,Female,Male,,Male,Female
LP001120,Male,Female,Male,Male,Male,,Male,Male
LP001123,Male,Female,Male,Male,Female,,Female,Male
LP001131,Male,Female,Male,Female,Male,,Male,Male
LP001136,Female,Female,Male,Male,Female,,Female,Male
LP001137,Male,Female,Female,Male,Male,,Male,Female
LP001138,Male,Female,Male,Male,Male,,Male,Male
LP001144,Female,Female,Male,Female,Male,,Male,Male
LP001146,Female,Female,Male,Female,Male,,Male,Male
LP001151,Female,Female,Female,Female,Female,,Female,Male
LP001155,Female,Female,Female,Male,Female,,Female,Female
LP001157,Female,Female,Male,Male,Male,,Male,Male
LP001164,Male,Male,Male,Male,Male,,Male,Male
LP001179,Female,Male,Male,Male,Male,,Male,Male
LP001186,Male,Male,Female,Female,Male,,Male,Male
LP001194,Male,Male,Male,Male,Male,,Male,Male
LP001195,Male,Male,Male,Male,Male,,Male,Male
LP001197,Male,Male,Male,Male,Male,,Male,Female
LP001198,Male,Male,Female,Male,Female,,Female,Male
LP001199,Male,Male,Female,Male,Male,,Male,Male
LP001205,Male,Male,Male,Male,Male,,Male,Male
LP001206,Male,Male,Male,Female,Male,,Male,Male
LP001207,Male,Female,Female,Male,Male,,Male,Male
LP001213,Female,Female,Male,Male,Male,,Male,Male
LP001222,Male,Female,Female,Male,Male,,Male,Male
LP001225,Male,Female,Male,Female,Female,,Female,Male
LP001228,Male,Female,Male,Male,Male,,Male,Male
LP001233,Male,Female,Male,Male,Male,,Male,Male
LP001238,Female,Female,Male,Male,Female,,Female,Male
LP001241,Male,Female,Male,Male,Male,,Male,Male
LP001243,Male,Female,Female,Male,Male,,Male,Female
LP001245,Male,Female,Male,Male,Male,,Male,Male
LP001248,Male,Female,Male,Male,Male,,Male,Female
LP001250,Male,Female,Male,Female,Male,,Male,Male
LP001253,Male,Female,Male,Male,Male,,Male,Male
LP001255,Male,Female,Female,Male,Male,,Male,Male
LP001256,Male,Female,Male,Male,Male,,Male,Male
LP001259,Male,Female,Male,Male,Male,,Male,Female
LP001263,Male,Female,Male,Male,Male,,Male,Female
LP001264,Female,Female,Male,Male,Male,,Male,Male
LP001265,Male,Female,Female,Male,Male,,Male,Male
LP001266,Female,Female,Female,Male,Male,,Male,Male
LP001267,Male,Female,Male,Male,Male,,Male,Male
LP001273,Male,Male,Male,Male,Female,,Female,Male
LP001275,Male,Male,Male,Male,Male,,Male,Male
LP001279,Male,Male,Male,Male,Male,,Male,Male
LP001280,Male,Male,Male,Male,Male,,Male,Female
LP001282,Male,Male,Male,Female,Male,,Male,Male
LP001289,Male,Male,Male,Male,Male,,Male,Male
LP001310,Male,Male,Male,Male,Female,,Female,Male
LP001316,Male,Male,Female,Female,Female,,Female,Male
LP001318,Male,Male,Female,Male,Female,,Female,Male
LP001319,Male,Male,Male,Male,Male,,Male,Male
LP001322,Male,Male,Female,Male,Male,,Male,Female
LP001325,Male,Male,Male,Female,Male,,Male,Male
LP001326,Female,Male,Male,Female,Male,,Male,Male
LP001327,Male,Male,Male,Female,Male,,Male,Female
LP001333,Male,Male,Male,Male,Male,,Male,Male
LP001334,Female,Male,Male,Female,Male,,Male,Male
LP001343,Male,Male,Male,Male,Male,,Male,Male
LP001345,Male,Male,Male,Male,Male,,Male,Male
LP001349,Male,Male,Male,Female,Male,,Male,Male
LP001350,Male,Male,Male,Male,Male,,Male,Male
LP001356,Male,Male,Male,Male,Male,,Male,Female
LP001357,Male,Male,Male,Male,Male,,Male,Male
LP001367,Male,Male,Female,Female,Female,,Female,Male
LP001369,Male,Male,Female,Female,Male,,Male,Male
LP001370,Female,Male,Female,Female,Male,,Male,Female
LP001379,Female,Female,Male,Male,Male,,Male,Male
LP001384,Male,Female,Male,Male,Male,,Male,Male
LP001385,Female,Female,Male,Male,Female,,Female,Male
LP001387,Male,Female,Male,Male,Male,,Male,Male
LP001391,Male,Female,Female,Female,Male,,Male,Female
LP001392,Male,Female,Male,Male,Male,,Male,Male
LP001398,Male,Female,Male,Male,Male,,Male,Male
LP001401,Male,Female,Male,Male,Female,,Female,Male
LP001404,Male,Female,Male,Male,Male,,Male,Female
LP001405,Male,Female,Male,Female,Male,,Male,Male
LP001421,Male,Female,Male,Male,Male,,Male,Male
LP001422,Male,Female,Male,Male,Male,,Male,Male
LP001426,Male,Female,Male,Male,Male,,Male,Male
LP001430,Male,Female,Male,Female,Male,,Male,Male
LP001431,Male,Female,Female,Male,Female,,Female,Male
LP001432,Male,Male,Male,Male,Male,,Male,Male
LP001439,Male,Male,Male,Male,Male,,Male,Male
LP001443,Male,Male,Male,Male,Male,,Male,Male
LP001448,Male,Male,Female,Female,Male,,Male,Male
LP001449,Male,Male,Male,Male,Male,,Male,Male
LP001451,Female,Male,Male,Male,Male,,Male,Male
LP001465,Male,Male,Male,Male,Male,,Male,Male
LP001469,Male,Male,Male,Female,Male,,Male,Male
LP001473,Male,Male,Male,Male,Male,,Male,Male
LP001478,Male,Male,Male,Male,Male,,Male,Male
LP001482,Male,Male,Female,Male,Male,,Male,Male
LP001487,Male,Male,Female,Male,Male,,Male,Male
LP001488,Male,Male,Male,Male,Female,,Female,Male
LP001489,Male,Male,Male,Male,Male,,Male,Male
LP001491,Male,Male,Male,Male,Female,,Female,Male
LP001492,Male,Male,Male,Male,Male,,Male,Male
LP001493,Male,Male,Female,Male,Male,,Male,Male
LP001497,Male,Male,Female,Male,Male,,Male,Female
LP001498,Male,Male,Female,Male,Male,,Male,Male
LP001504,Male,Male,Male,Male,Female,,Female,Male
LP001507,Male,Male,Male,Male,Female,,Female,Male
LP001508,Male,Male,Male,Male,Male,,Male,Male
LP001514,Male,Male,Male,Male,Male,,Male,Female
LP001516,Female,Male,Male,Male,Male,,Male,Male
LP001518,Male,Male,Male,Male,Male,,Male,Male
LP001519,Male,Male,Male,Male,Male,,Male,Male
LP001520,Male,Male,Male,Male,Male,,Male,Male
LP001528,Male,Male,Female,Male,Male,,Male,Female
LP001529,Male,Male,Male,Male,Female,,Female,Male
LP001531,Male,Female,Male,Male,Male,,Male,Male
LP001532,Male,Female,Male,Male,Male,,Male,Male
LP001535,Male,Female,Female,Male,Male,,Male,Male
LP001536,Male,Female,Male,Male,Male,,Male,Male
LP001541,Male,Female,Male,Male,Male,,Male,Male
LP001543,Male,Female,Female,Female,Male,,Male,Female
LP001546,Male,Female,Female,Female,Female,,Female,Male
LP001552,Female,Female,Female,Female,Male,,Male,Male
LP001560,Female,Female,Female,Female,Male,,Male,Male
LP001562,Male,Female,Female,Female,Female,,Female,Male
LP001565,Male,Female,Female,Female,Male,,Male,Male
LP001570,Male,Female,Female,Female,Male,,Male,Male
LP001572,Male,Female,Female,Female,Male,,Male,Male
LP001574,Male,Female,Female,Female,Male,,Male,Male
LP001577,Male,Female,Female,Female,Male,,Male,Male
LP001578,Female,Female,Female,Female,Male,,Male,Male
LP001579,Female,Female,Female,Female,Male,,Male,Male
LP001580,Male,Female,Female,Female,Male,,Male,Male
LP001581,Male,Female,Female,Female,Male,,Male,Female
LP001585,Male,Female,Female,Female,Male,,Male,Male
LP001586,Female,Female,Female,Female,Male,,Male,Female
LP001594,Male,Female,Female,Female,Male,,Male,Male
LP001603,Male,Female,Female,Female,Male,,Female,Male
LP001606,Male,Female,Female,Female,Male,,Male,Male
LP001608,Male,Female,Female,Female,Female,,Male,Male
LP001610,Male,Female,Female,Female,Male,,Male,Female
LP001616,Male,Female,Female,Female,Male,,Male,Female
LP001630,Male,Female,Female,Female,Male,,Female,Male
LP001633,Male,Female,Female,Female,Male,,Male,Male
LP001634,Female,Female,Female,Female,Male,,Male,Male
LP001636,Male,Female,Female,Female,Female,,Male,Male
LP001637,Male,Female,Female,Female,Female,,Male,Male
LP001639,Male,Male,Female,Female,Female,,Male,Male
LP001640,Male,Male,Female,Female,Male,,Male,Male
LP001641,Male,Male,Female,Female,Male,,Male,Female
LP001643,Male,Male,Female,Female,Male,,Male,Male
LP001644,Male,Male,Female,Female,Male,,Male,Male
LP001647,Male,Male,Female,Female,Male,,Male,Male
LP001653,Male,Male,Female,Female,Male,,Male,Male
LP001656,Male,Male,Female,Female,Male,,Male,Male
LP001657,Male,Male,Female,Female,Male,,Male,Male
LP001658,Male,Female,Female,Female,Male,,Male,Female
LP001664,Male,Female,Female,Female,Male,,Male,Male
LP001665,Female,Female,Female,Female,Male,,Male,Male
LP001666,Male,Female,Female,Female,Male,,Female,Female
LP001669,Male,Female,Female,Female,Male,,Male,Male
LP001671,Male,Female,Female,Female,Female,,Male,Male
